"id","format","suggested_day","topic","caption","landing_url","asset_required","status"
"P1","منشور","3","إطلاق الموقع","أصبح موقع لمسة المستقبل متاحًا لتتعرف على خدمات الدهانات والجبس بورد والديكور وترميم وتجديد المنازل في الرياض.
تصفح الخدمات، وحدد احتياجك، ثم شاركنا الحي وصور المساحة لبحث المعاينة وعرض السعر.
الموقع: https://lamset-almustaqbal-production.up.railway.app/
واتساب: https://wa.me/966501308295
#لمسة_المستقبل #دهانات_الرياض","https://lamset-almustaqbal-production.up.railway.app/","تصميم نصي باسم النشاط والرابط، أو صورة حقيقية تملك حق استخدامها.","مسودة؛ ينشرها المالك بعد المراجعة"
"P2","منشور","7","اختيار لون الدهان","لون الدهان يتغير مع الإضاءة. قبل اعتماد الدرجة، جرّب عينة على الجدار وراجعها نهارًا ومساءً بجانب الأثاث والأرضية.
لمناقشة دهانات منزلك في الرياض، أرسل صور الغرف والحي وعدد المساحات المطلوبة.
تفاصيل الخدمة: https://lamset-almustaqbal-production.up.railway.app/services/interior-painting-riyadh
واتساب: https://wa.me/966501308295
#دهانات_داخلية #الرياض","https://lamset-almustaqbal-production.up.railway.app/services/interior-painting-riyadh","[صورة حقيقية لعينة لون أو جدار من تصوير النشاط؛ تُستبدل قبل النشر].","مسودة؛ ينشرها المالك بعد المراجعة"
"P3","منشور","11","الجبس بورد والإضاءة","تفاصيل السقف تبدأ قبل التشطيب: توزيع الإضاءة، ارتفاع الغرفة، ومواقع التكييف والخدمات.
إذا كنت تخطط للجبس بورد، شاركنا صور المساحة وفكرتك لنناقش التفاصيل ونطاق العمل.
تفاصيل الخدمة: https://lamset-almustaqbal-production.up.railway.app/services/gypsum-board-riyadh
واتساب: https://wa.me/966501308295
#جبس_بورد #ديكور_أسقف #الرياض","https://lamset-almustaqbal-production.up.railway.app/services/gypsum-board-riyadh","[صورة أصلية لسقف أو مرحلة تنفيذ للنشاط بموافقة صاحب الموقع؛ تُستبدل قبل النشر].","مسودة؛ ينشرها المالك بعد المراجعة"
"P4","منشور","15","الاستعداد لتجديد المنزل","قبل تجديد منزلك، اكتب أولوياتك: ما الذي يحتاج إصلاحًا؟ وما الذي ترغب في تغييره؟ وأي غرف تستخدمها يوميًا؟
جهّز صورًا واضحة وحدد الحي وحالة إشغال المنزل؛ هذه التفاصيل تساعد على مناقشة نطاق العمل والمعاينة.
اقرأ قائمة الاستعداد: https://lamset-almustaqbal-production.up.railway.app/blog/before-home-renovation-checklist
لطلب عرض سعر: https://lamset-almustaqbal-production.up.railway.app/quote
#تجديد_المنازل #ترميم_الرياض","https://lamset-almustaqbal-production.up.railway.app/blog/before-home-renovation-checklist","تصميم نصي بثلاث أولويات، أو صورة حقيقية للمساحة بعد موافقة صاحبها.","مسودة؛ ينشرها المالك بعد المراجعة"
"P5","منشور","21","خدمة حي النرجس","تخطط لدهانات أو ديكور أو تجديد منزل في حي النرجس؟
شارِك لمسة المستقبل صور المساحة، والعمل المطلوب، والموعد المقترح، لنناقش المعاينة والخامات وعرض السعر.
تعرف على الخدمات في الحي: https://lamset-almustaqbal-production.up.railway.app/riyadh/al-narjis
واتساب: https://wa.me/966501308295
#حي_النرجس #شمال_الرياض","https://lamset-almustaqbal-production.up.railway.app/riyadh/al-narjis","تصميم نصي يذكر حي النرجس؛ صورة مشروع في الحي تُستخدم فقط إذا كانت موثقة ومأذونًا بنشرها.","مسودة؛ ينشرها المالك بعد المراجعة"
"P6","منشور","26","طلب رأي العميل","سبق لك التعامل مع لمسة المستقبل؟ شاركنا رأيك الصادق في تجربتك، وما أعجبك وما يمكننا تحسينه.
اكتب رأيك عبر صفحة آراء العملاء: https://lamset-almustaqbal-production.up.railway.app/testimonials#write-review
يظهر رأيك على الموقع بعد المراجعة وبموافقتك على نشر الاسم والتعليق.
#لمسة_المستقبل","https://lamset-almustaqbal-production.up.railway.app/testimonials#write-review","تصميم نصي للدعوة؛ لا تضف نجومًا أو تعليقًا منسوبًا لعميل دون تقييم حقيقي وإذن بالنشر.","مسودة؛ ينشرها المالك بعد المراجعة"
